{"stats":{"minecraft:mined":{"biomesoplenty:sea_oats":3,"minecraft:grass":5,"biomesoplenty:bush":1,"minecraft:oak_log":11,"biomesoplenty:lavender":25,"farmersdelight:wild_tomatoes":4,"minecraft:rose_bush":1,"biomesoplenty:dune_grass":4,"minecraft:fern":2},"minecraft:picked_up":{"biomesoplenty:lavender":25,"farmersdelight:tomato_seeds":4,"farmersdelight:tomato":1,"minecraft:oak_log":11},"minecraft:custom":{"minecraft:jump":159,"minecraft:time_since_rest":8783,"minecraft:sprint_one_cm":14489,"minecraft:play_time":8783,"minecraft:time_since_death":8783,"minecraft:walk_one_cm":8592,"minecraft:sneak_time":17,"minecraft:total_world_time":8783,"minecraft:fall_one_cm":7328,"minecraft:fly_one_cm":36552,"minecraft:leave_game":1}},"DataVersion":3465}